Symbol,Side,Qty,Fill Price,Commission,Closing Time
AMEX:EQX,Buy,67.62,13.42,0,2026-08-27 00:00:00
NASDAQ:META,Buy,2,546.4,0,2026-08-21 00:00:00
AMEX:SPY,Sell,1.5,771.92,0,2026-08-07 00:00:00
AMEX:EQX,Buy,90,11.48,0,2026-08-07 00:00:00
AMEX:GLD,Buy,3,398.71,0,2026-08-07 00:00:00
AMEX:SPY,Sell,1.5,770.66,0,2026-08-07 00:00:00
AMEX:SPY,Sell,0.162,772.16,0,2026-08-04 00:00:00
NASDAQ:MSFT,Sell,0.2629,495.53,0,2026-08-04 00:00:00
NASDAQ:OPEN,Sell,275.65,4.2,0,2026-08-04 00:00:00
NYSE:ORCL,Buy,5,126.71,0,2026-07-30 00:00:00
NASDAQ:OPEN,Buy,121.42,3.98,0,2026-07-27 00:00:00
NASDAQ:MSFT,Buy,2.32,383.64,0,2026-07-01 00:00:00
NASDAQ:IBIT,Sell,24.92,40.55,0,2026-06-01 00:00:00
NASDAQ:OPEN,Buy,7.18,4.89,0,2026-05-08 00:00:00
NYSE:ORCL,Buy,3,175.27,0,2026-04-16 00:00:00
NASDAQ:MSFT,Buy,1.92,371.51,0,2026-04-02 00:00:00
NASDAQ:OPEN,Buy,74,4.78,0,2026-04-01 00:00:00
AMEX:USO,Sell,8.54,123.39,0,2026-04-01 00:00:00
NASDAQ:IBIT,Buy,24.92,40.11,0,2026-03-11 00:00:00
AMEX:SPY,Buy,1.64,677.47,0,2026-03-09 00:00:00
AMEX:USO,Buy,6.76,116.49,0,2026-03-09 00:00:00
NASDAQ:GOOGL,Sell,2,299.41,0,2026-03-06 00:00:00
NYSE:B,Sell,10.29,45.39,0,2026-03-06 00:00:00
AMEX:EQX,Sell,20.09,16.58,0,2026-03-06 00:00:00
NYSE:HL,Sell,10.81,20.58,0,2026-03-06 00:00:00
AMEX:USO,Buy,1.77,98.34,0,2026-03-05 00:00:00
NASDAQ:OPEN,Buy,47.2,4.96,0,2026-02-02 00:00:00
NASDAQ:META,Sell,0.9123,711.77,0,2026-02-02 00:00:00
NASDAQ:META,Buy,0.7806,659.79,0,2026-01-23 00:00:00
NASDAQ:ETHA,Sell,15.11,22.18,0,2026-01-22 00:00:00
NASDAQ:IBIT,Sell,9.9,50.4,0,2026-01-22 00:00:00
AMEX:EQX,Buy,20.09,14.93,0,2026-01-20 00:00:00
NYSE:HL,Buy,10.81,27.75,0,2026-01-20 00:00:00
NYSE:B,Buy,5.29,49.47,0,2026-01-13 00:00:00
AMEX:VTI,Sell,1.25,342,0,2026-01-12 00:00:00
NASDAQ:QQQ,Sell,0.2948,625.9,0,2026-01-12 00:00:00
NASDAQ:NDAQ,Sell,1.07,100.39,0,2026-01-07 00:00:00
NASDAQ:OPEN,Buy,9.9,5.69,0,2025-12-30 00:00:00
NASDAQ:IBIT,Buy,1.79,48.49,0,2025-12-17 00:00:00
NASDAQ:ETHA,Buy,2,21.11,0,2025-12-17 00:00:00
NASDAQ:ETHA,Buy,6.77,24.08,0,2025-12-11 00:00:00
NASDAQ:IBIT,Buy,2.41,51.34,0,2025-12-11 00:00:00
AMEX:SPY,Buy,0.7297,685.2,0,2025-12-11 00:00:00
NYSE:B,Buy,2.08,41.27,0,2025-12-11 00:00:00
NASDAQ:IBIT,Buy,0.6996,55.85,0,2025-11-13 00:00:00
NASDAQ:IBIT,Buy,1.84,57.69,0,2025-11-04 00:00:00
NASDAQ:GOOGL,Buy,1.2,266.82,0,2025-10-28 00:00:00
NASDAQ:MSFT,Buy,0.9605,541.79,0,2025-10-28 00:00:00
NYSE:NVO,Sell,1,52.95,0,2025-10-27 00:00:00
AMEX:SLV,Sell,1.33,41.78,0,2025-10-27 00:00:00
AMEX:GLD,Sell,1.76,365.94,0,2025-10-27 00:00:00
NYSE:HL,Sell,7.35,12.12,0,2025-10-27 00:00:00
AMEX:EQX,Sell,6.83,10.29,0,2025-10-27 00:00:00
AMEX:USO,Sell,0.4004,70.52,0,2025-10-13 00:00:00
NASDAQ:IREN,Sell,2,59.34,0,2025-10-08 00:00:00
NASDAQ:QQQ,Buy,0.122,604.97,0,2025-10-07 00:00:00
NASDAQ:IREN,Buy,2,57.48,0,2025-10-07 00:00:00
NYSE:HL,Buy,4,12.39,0,2025-10-07 00:00:00
NYSE:B,Buy,2,33.94,0,2025-10-07 00:00:00
AMEX:VTI,Buy,0.618,327,0,2025-09-29 00:00:00
AMEX:IVV,Sell,0.1547,666.18,0,2025-09-24 00:00:00
NASDAQ:OPEN,Buy,4.45,8.03,0,2025-09-23 00:00:00
NASDAQ:META,Buy,0.1045,765.72,0,2025-09-23 00:00:00
NASDAQ:GOOGL,Buy,0.5806,251.48,0,2025-09-23 00:00:00
NYSE:NVO,Buy,1,54.9,0,2025-09-12 00:00:00
NYSE:ORCL,Sell,0.0585,308.71,0,2025-09-11 00:00:00
NASDAQ:OPEN,Buy,1.47,5.69,0,2025-09-10 00:00:00
NYSE:ORCL,Buy,0.0585,341.71,0,2025-09-10 00:00:00
NASDAQ:QQQ,Buy,0.1724,579.97,0,2025-09-09 00:00:00
AMEX:EQX,Buy,1.36,9.89,0,2025-09-09 00:00:00
AMEX:SPY,Buy,0.4624,648.81,0,2025-09-09 00:00:00
AMEX:GLD,Buy,1,335.9,0,2025-09-09 00:00:00
NASDAQ:ETHA,Buy,0.3845,32.69,0,2025-09-09 00:00:00
NASDAQ:OPEN,Buy,3,6.16,0,2025-09-09 00:00:00
NASDAQ:OPEN,Buy,2.25,6.65,0,2025-09-05 00:00:00
AMEX:IVV,Buy,0.1544,647.66,0,2025-09-04 00:00:00
NYSE:B,Buy,0.9203,27.16,0,2025-09-04 00:00:00
NYSE:HL,Buy,3.35,8.94,0,2025-09-04 00:00:00
AMEX:SLV,Buy,1.33,37.47,0,2025-09-03 00:00:00
AMEX:USO,Buy,0.4004,74.92,0,2025-09-03 00:00:00
NASDAQ:NDAQ,Buy,1.06,93.52,0,2025-09-03 00:00:00
NASDAQ:GOOGL,Buy,0.2172,230.24,0,2025-09-03 00:00:00
NASDAQ:META,Buy,0.0271,737.72,0,2025-09-03 00:00:00
NASDAQ:MSFT,Buy,0.0395,506.14,0,2025-09-03 00:00:00
NASDAQ:OPEN,Buy,4.75,5.26,0,2025-09-03 00:00:00
AMEX:EQX,Buy,5.46,9.14,0,2025-09-03 00:00:00
AMEX:SPY,Buy,0.311,643.12,0,2025-09-03 00:00:00
AMEX:GLD,Buy,0.7619,328.13,0,2025-09-03 00:00:00
AMEX:VTI,Buy,0.6305,317.19,0,2025-09-03 00:00:00
NASDAQ:ETHA,Buy,5.94,33.61,0,2025-09-03 00:00:00
NASDAQ:IBIT,Buy,3.15,63.42,0,2025-09-03 00:00:00